phone,message
5491131260531,Qué lindo encontrarnos en Aeroparque
5491131260531,reset
5491131260531,Necesito ayuda sobre Aeroparque
5491131260531,reset
5491131260531,Estoy en el check-in de Aeroparque
5491131260531,reset
5491131260531,Estoy entrando a Aeroparque
5491131260531,reset
5491131260531,Estoy en el pre check-in de Aeroparque
5491131260531,reset
5491131260531,Estoy en la planta baja de Aeroparque
5491131260531,reset
5491131260531,Estoy en la planta alta de Aeroparque
5491131260531,reset
5491131260531,Ya estoy haciendo el check-in en Aeroparque
5491131260531,reset
5491131260531,Estoy en el control de PSA de Aeroparque
5491131260531,reset
5491131260531,Estoy en el hall de Aeroparque
5491131260531,reset
5491131260531,Qué lindo estar en Aeroparque
5491131260531,reset
5491131260531,Llegué a Aeroparque
5491131260531,reset
5491131260531,Estoy en la zona de embarque de Aeroparque
5491131260531,reset
5491131260531,Vengo de Instagram y quiero conocer Aeroparque
5491131260531,reset
5491131260531,vengo de la Página de Aeroparque
5491131260531,reset
5491131260531,Compré en la Tienda Online de Aeroparque
5491131260531,reset
5491131260531,Quiero saber más sobre Aeroparque
5491131260531,reset
5491131260531,Quiero conocer más sobre Aeroparque
5491131260531,reset
5491131260531,Quiero explorar Aeroparque
5491131260531,reset
5491131260531,Necesito información sobre Aeroparque
5491131260531,reset
5491131260531,Vengo de la Tienda Online de Aeroparque
5491131260531,reset
5491131260531,Estoy en Aeroparque y necesito ayuda
5491131260531,reset
5491131260531,Quiero conocer Aeroparque
5491131260531,reset
5491131260531,Quiero información sobre Aeroparque
5491131260531,reset
5491131260531,Escuché mucho sobre vos y quiero que me cuentes sobre Aeroparque
5491131260531,reset
5491131260531,Quiero más información sobre Aeroparque
5491131260531,reset
5491131260531,Vengo de Moovit y quiero conocer Aeroparque
5491131260531,reset
5491131260531,Contame sobre Aeroparque
5491131260531,reset
5491131260531,Barassi me recomendó explorar Aeroparque con vos
5491131260531,reset
5491131260531,Me pasó tu contacto Darío y me gustaría charlar con vos
5491131260531,reset
5491131260531,Viajo en los próximos días desde Aeroparque y quiero saber más
5491131260531,reset
5491131260531,Vengo de Flybondi y viajo desde Aeroparque
5491131260531,reset
5491131260531,"Te vi en internet, viajo desde Aeroparque y me gustaría hablar con vos"
5491131260531,reset
5491131260531,Estoy en la zona de Arribos Nacionales de Aeroparque
5491131260531,reset
5491131260531,Estoy en la zona de Partidas de Aeroparque
5491131260531,reset
5491131260531,Necesito que me acompañes en mi paso por Aeroparque
5491131260531,reset
5491131260531,Estoy usando el servicio de valet parking en Aeroparque
5491131260531,reset
5491131260531,Quiero abonar el parking de Aeroparque
5491131260531,reset
5491131260531,Ayudame a pagar el parking de Aeroparque
5491131260531,reset
5491131260531,Pagar mi ticket de estacionamiento de Aeroparque por WhatsApp
5491131260531,reset
5491131260531,Vengo de Clarín y quiero conocer Aeroparque
5491131260531,reset
5491131260531,Quiero pagar el estacionamiento de Aeroparque
5491131260531,reset
5491131260531,Ayudame a pagar el estacionamiento de Aeroparque
5491131260531,reset
5491131260531,Quiero pagar el estacionamiento de Aeroparque por este chat
5491131260531,reset
5491131260531,Quiero pagar el estacionamiento de Aeroparque por acá
5491131260531,reset
5491131260531,Me voy de Aeroparque y quiero pagar el estacionamiento
5491131260531,reset
5491131260531,Estoy en Aeroparque y quiero pagar el estacionamiento
5491131260531,reset
5491131260531,Estoy en Parking Río de Aeroparque y quiero pagar el estacionamiento
5491131260531,reset
5491131260531,Quiero abonar el parking en Aeroparque
5491131260531,reset
5491131260531,Quiero pagar el estacionamiento de Aeroparque de forma sencilla
5491131260531,reset
5491131260531,Barassi me contó que con vos tengo un descuento en el estacionamiento de Aeroparque
5491131260531,reset
5491131260531,Me pasó tu contacto Darío y me gustaría pagar el parking con descuento
5491131260531,reset
5491131260531,Vi en la historia que con vos tengo un descuento en el estacionamiento de Aeroparque
5491131260531,reset
5491131260531,Quiero pagar el parking de Aeroparque
5491131260531,reset
5491131260531,Quiero el descuento en el pago del estacionamiento de Aeroparque
5491131260531,reset
5491131260531,Estoy en Aeroparque y quiero seguir mi vuelo
5491131260531,reset
5491131260531,Quiero seguir el estado de mi vuelo en Aeroparque
5491131260531,reset
5491131260531,Quiero seguir un vuelo que despega o aterriza en Aeroparque
5491131260531,reset
5491131260531,Quiero buscar un vuelo de Aeroparque
5491131260531,reset
5491131260531,Ayudame a buscar un vuelo de Aeroparque
5491131260531,reset
5491131260531,Quiero recibir novedades sobre mi vuelo en Aeroparque
5491131260531,reset
5491131260531,Llegué a Aeroparque y quiero seguir un vuelo
5491131260531,reset
5491131260531,Quiero información sobre un vuelo de Aeroparque
5491131260531,reset
5491131260531,Estoy en Aeroparque y quiero recibir novedades sobre mi vuelo
5491131260531,reset
5491131260531,Estoy en el VIP de Aeroparque y quiero seguir mi vuelo
5491131260531,reset
5491131260531,Quiero consultar información sobre un vuelo en Aeroparque
5491131260531,reset
5491131260531,Tienda León me recomendó usar ADA para seguir un vuelo de Aeroparque
5491131260531,reset
5491131260531,Estoy en Aeroparque y quiero participar de la Promo Verano
5491131260531,reset
5491131260531,Contame más sobre Ezeiza
5491131260531,reset
5491131260531,Viajo en los próximos días desde Ezeiza y quiero saber más
5491131260531,reset
5491131260531,Vengo de la Tienda Online de Ezeiza
5491131260531,reset
5491131260531,Compré en la Tienda Online de Ezeiza
5491131260531,reset
5491131260531,Vengo de la página de Ezeiza
5491131260531,reset
5491131260531,Quiero información sobre Ezeiza
5491131260531,reset
5491131260531,Vengo de Instagram y quiero conocer Ezeiza
5491131260531,reset
5491131260531,Estoy en Ezeiza y quiero más información
5491131260531,reset
5491131260531,Necesito información sobre Ezeiza
5491131260531,reset
5491131260531,Vengo de Moovit y quiero conocer Ezeiza
5491131260531,reset
5491131260531,Vengo de Flybondi y viajo desde Ezeiza
5491131260531,reset
5491131260531,Vi en la historia que me podés ayudar a explorar Ezeiza
5491131260531,reset
5491131260531,"Te vi en internet, viajo desde Ezeiza y me gustaría hablar con vos"
5491131260531,reset
5491131260531,Quiero conocer el aeropuerto de Ezeiza
5491131260531,reset
5491131260531,Vengo de la página web de Ezeiza
5491131260531,reset
5491131260531,Quiero pagar el estacionamiento de Ezeiza
5491131260531,reset
5491131260531,Quiero pagar mi ticket de estacionamiento de Ezeiza
5491131260531,reset
5491131260531,Necesito pagar el estacionamiento de Ezeiza
5491131260531,reset
5491131260531,Ayudame a pagar el estacionamiento de Ezeiza
5491131260531,reset
5491131260531,Por favor ayudame a pagar el estacionamiento de Ezeiza
5491131260531,reset
5491131260531,Me gustaría pagar el estacionamiento de Ezeiza
5491131260531,reset
5491131260531,Pagar mi ticket de estacionamiento de Ezeiza
5491131260531,reset
5491131260531,Pagar mi ticket de estacionamiento de Ezeiza por WhatsApp
5491131260531,reset
5491131260531,Me voy de Ezeiza y quiero pagar el estacionamiento
5491131260531,reset
5491131260531,Ya me voy de Ezeiza y quiero pagar el estacionamiento
5491131260531,reset
5491131260531,Quiero pagar el estacionamiento de Ezeiza por este chat
5491131260531,reset
5491131260531,Quiero pagar el estacionamiento de Ezeiza por acá
5491131260531,reset
5491131260531,Estoy en Ezeiza ayudame a pagar el estacionamiento
5491131260531,reset
5491131260531,Me voy de Ezeiza y necesito pagar el estacionamiento
5491131260531,reset
5491131260531,Me voy de Ezeiza y me gustaría pagar el estacionamiento
5491131260531,reset
5491131260531,Me voy de Ezeiza y tengo que pagar el estacionamiento
5491131260531,reset
5491131260531,Quiero pagar el estacionamiento de Ezeiza por WhatsApp
5491131260531,reset
5491131260531,Quiero abonar el parking en Ezeiza
5491131260531,reset
5491131260531,Vi en la historia que con vos tengo un descuento en el estacionamiento de Ezeiza
5491131260531,reset
5491131260531,"Estoy en Ezeiza, ayudame a pagar el estacionamiento"
5491131260531,reset
5491131260531,Quiero el descuento en el pago del estacionamiento de Ezeiza
5491131260531,reset
5491131260531,Estoy en Ezeiza y quiero seguir mi vuelo
5491131260531,reset
5491131260531,Estoy en Ezeiza y quiero recibir novedades sobre mi vuelo
5491131260531,reset
5491131260531,Quiero seguir un vuelo que despega o aterriza en Ezeiza
5491131260531,reset
5491131260531,Quiero recibir novedades sobre mi vuelo en Ezeiza
5491131260531,reset
5491131260531,Quiero consultar información sobre un vuelo en Ezeiza
5491131260531,reset
5491131260531,Tienda León me recomendó usar ADA para seguir un vuelo de Ezeiza
5491131260531,reset
5491131260531,Quiero ver las promos exclusivas de Ezeiza
5491131260531,reset
5491131260531,Estoy en Ezeiza y quiero conocer las Salas VIP
5491131260531,reset
5491131260531,Estoy en Ezeiza y quiero saber con qué tarjetas puedo acceder a las Salas VIP
5491131260531,reset
5491131260531,Estoy en Ezeiza y quiero conocer las opciones gastronómicas del aeropuerto
5491131260531,reset
5491131260531,Estoy en Ezeiza y quiero conocer los servicios del aeropuerto
5491131260531,reset
5491131260531,Estoy en Ezeiza y quiero conocer los locales comerciales
5491131260531,reset
5491131260531,Estoy en Córdoba y quiero pagar el estacionamiento
5491131260531,reset
5491131260531,Estoy en Córdoba y necesito pagar el estacionamiento
5491131260531,reset
5491131260531,Estoy en Córdoba y quiero pagar mi ticket de estacionamiento
5491131260531,reset
5491131260531,Estoy en Córdoba y necesito pagar mi ticket de estacionamiento
5491131260531,reset
5491131260531,Estoy en Córdoba y me gustaría pagar el estacionamiento
5491131260531,reset
5491131260531,Estoy en Córdoba y me gustaría pagar mi ticket de estacionamiento
5491131260531,reset
5491131260531,Pagar el estacionamiento del aeropuerto de Córdoba por WhatsApp
5491131260531,reset
5491131260531,Me voy del aeropuerto de Córdoba y quiero pagar el estacionamiento
5491131260531,reset
5491131260531,Estoy en Córdoba y tengo que pagar el estacionamiento
5491131260531,reset
5491131260531,Quiero pagar el estacionamiento de Córdoba por este chat
5491131260531,reset
5491131260531,Quiero pagar el estacionamiento de Córdoba por acá
5491131260531,reset
5491131260531,Quiero el descuento en el pago del estacionamiento de Córdoba
5491131260531,reset
5491131260531,Quiero pagar el estacionamiento de Córdoba con descuento
5491131260531,reset
5491131260531,Estoy en Córdoba y quiero seguir mi vuelo
5491131260531,reset
5491131260531,Estoy en Córdoba y quiero novedades de mi vuelo
5491131260531,reset
5491131260531,Quiero seguir mi vuelo que sale desde Córdoba
5491131260531,reset
5491131260531,Estoy en Córdoba y quiero saber el estado de mi vuelo
5491131260531,reset
5491131260531,Estoy en Córdoba y quiero hablar con vos
5491131260531,reset
5491131260531,Estoy en Mendoza y quiero pagar el estacionamiento
5491131260531,reset
5491131260531,Estoy en Mendoza y necesito pagar el estacionamiento
5491131260531,reset
5491131260531,Estoy en Mendoza y quiero pagar mi ticket de estacionamiento
5491131260531,reset
5491131260531,Estoy en Mendoza y necesito pagar mi ticket de estacionamiento
5491131260531,reset
5491131260531,Estoy en Mendoza y me gustaría pagar el estacionamiento
5491131260531,reset
5491131260531,Pagar el estacionamiento del aeropuerto de Mendoza por WhatsApp
5491131260531,reset
5491131260531,Estoy en Mendoza y tengo que pagar el estacionamiento
5491131260531,reset
5491131260531,Quiero el descuento en el pago del estacionamiento de Mendoza
5491131260531,reset
5491131260531,Estoy en Mendoza y quiero novedades de mi vuelo
5491131260531,reset
5491131260531,Estoy en Mendoza y quiero hablar con vos
5491131260531,reset
5491131260531,Quiero seguir mi vuelo que sale desde Mendoza
5491131260531,reset
5491131260531,Estoy en Mendoza y quiero saber el estado de mi vuelo
5491131260531,reset
5491131260531,Estoy en Mendoza y quiero seguir mi vuelo
5491131260531,reset
5491131260531,Estoy en Bariloche y tengo que pagar el estacionamiento
5491131260531,reset
5491131260531,Estoy en Bariloche y quiero pagar el estacionamiento
5491131260531,reset
5491131260531,Estoy en Bariloche y necesito pagar el estacionamiento
5491131260531,reset
5491131260531,Estoy en Bariloche y quiero pagar mi ticket de estacionamiento
5491131260531,reset
5491131260531,Estoy en Bariloche y necesito pagar mi ticket de estacionamiento
5491131260531,reset
5491131260531,Estoy en Bariloche y me gustaría pagar el estacionamiento
5491131260531,reset
5491131260531,Estoy en Bariloche y me gustaría pagar mi ticket de estacionamiento
5491131260531,reset
5491131260531,Pagar el estacionamiento del aeropuerto de Bariloche por WhatsApp
5491131260531,reset
5491131260531,Quiero el descuento en el pago del estacionamiento de Bariloche
5491131260531,reset
5491131260531,Estoy en Bariloche y quiero seguir mi vuelo
5491131260531,reset
5491131260531,Estoy en Bariloche y quiero novedades de mi vuelo
5491131260531,reset
5491131260531,Estoy en Bariloche y quiero hablar con vos
5491131260531,reset
5491131260531,Estoy en Bariloche y quiero chatear con vos
5491131260531,reset
5491131260531,Estoy en Comodoro Rivadavia y tengo que pagar el estacionamiento
5491131260531,reset
5491131260531,Necesito pagar el estacionamiento del aeropuerto de Comodoro
5491131260531,reset
5491131260531,Ayudame a pagar el estacionamiento del aeropuerto de Comodoro
5491131260531,reset
5491131260531,Por favor ayudame a pagar el estacionamiento del aeropuerto de Comodoro
5491131260531,reset
5491131260531,Me gustaría pagar el estacionamiento del aeropuerto de Comodoro
5491131260531,reset
5491131260531,Pagar mi ticket de estacionamiento de Comodoro Rivadavia por WhatsApp
5491131260531,reset
5491131260531,Quiero pagar el estacionamiento de Comodoro
5491131260531,reset
5491131260531,Estoy en Neuquén y quiero pagar el estacionamiento
5491131260531,reset
5491131260531,Quiero pagar el estacionamiento de Neuquén
5491131260531,reset